Order,Section,Origin,Id,Principle,Text,SPII counterparts,Level 1,Level 2,Level 3,Level 4,Level source,Improvement action,Concepts reused from other frameworks
1,Governance,POSI v2.0,posi-coverage,Coverage across the scholarly enterprise,"Research transcends disciplines, geography, institutions, and stakeholders. Organisations and the infrastructure they run need to reflect this.",,"The infrastructure serves a single institution, discipline or stakeholder group, and its governance does not consider others.","The infrastructure is used beyond its original community, but its services and governance still mainly reflect that one group.","Services and governance are documented as open to all disciplines, regions and stakeholder types that rely on the infrastructure.","Coverage across disciplines, regions and stakeholders is published and reviewed with the community, and gaps are actively closed.",Drafted with AI for this proposal,"Map which disciplines, regions and stakeholder groups rely on the infrastructure, and publish where its services or governance do not yet reach them.",
2,Governance,POSI v2.0,posi-stakeholder-governed,Stakeholder governed,A board-governed organisation drawn from the stakeholder community builds confidence that the organisation will make decisions driven by community consensus and a balance of interests.,Stakeholder governed / community-led (1A 2.1); Community governed (v0.3),"Decisions are made by a single party, without clear possibility for the community to participate.","Governance is shared by multiple parties, and there is an advisory board or similar to represent the community.",The governance is in the hands of a consortium or board that represents well the main stakeholders and user groups.,Full community participation in the governance through mechanisms like elections and self governance.,Verbatim from SPII maturity matrix v0.3 (Community governed),"Move from an advisory role to a governing board drawn from the main stakeholder and user groups, with a documented way for the community to elect its members.",GORC Governance & Leadership
3,Governance,POSI v2.0,posi-non-discriminatory,Non-discriminatory participation or membership,"We see the best option to be an “opt-in” approach with principles of non-discrimination and inclusivity, where any relevant group may express an interest and should be welcome. Representation in governance must reflect the character of the community or membership.",Open to participation (v0.3),There is no route for new organisations or groups to join the infrastructure or be represented in its governance.,"New participants can join on request, but criteria are informal and representation mainly reflects the founding members.","Documented opt-in membership criteria are open to any relevant group, and governance seats reflect the membership.","Participation is open, non-discriminatory and reviewed with the community, and under-represented groups, regions and disciplines are actively invited.","Drafted with AI for this proposal (informed by the v0.3 subprinciple Open to participation, which has no levels yet)","Publish opt-in membership criteria that any relevant group can meet, and check whether governance seats reflect the membership.",GORC Rules of Participation & Access
4,Governance,POSI v2.0,posi-transparent-governance,Transparent governance,"To foster trust, the processes and policies for governing the organisation and selecting representatives to governance groups should be transparent (within the constraints of privacy laws).",Transparency: governance (1A 1.1),How the infrastructure is governed and how representatives are chosen is not documented.,"Some governance information, such as board membership, is published, but selection processes and decisions are not.","Governance policies, selection processes and decisions are documented and published, within the constraints of privacy law.","Governance policies, selection processes, minutes and decisions are published, and the community is invited to review and challenge them.",Drafted with AI for this proposal,"Document and publish how governance representatives are selected and how decisions are made, not only who sits on the board.",GORC Governance & Leadership
5,Governance,POSI v2.0,posi-cannot-lobby,Cannot lobby,"Infrastructure organisations should not lobby for regulatory change to cement their own positions or narrow self-interest. However, an infrastructure organisation’s role is to support its community, and this can include advocating for policy changes.",,"The organisation's position on lobbying is unknown, or it lobbies for rules that protect its own position.","The organisation does not lobby for its own position, but has no stated policy on it.","A published policy commits the organisation not to lobby for narrow self-interest, while allowing advocacy for its community.","The published policy is reviewed by the governing body, and advocacy positions are developed with and published to the community.","Drafted with AI for this proposal (near-binary principle, see considerations)",Publish a short policy that separates advocacy for the community from lobbying for the organisation's own position.,
6,Governance,POSI v2.0,posi-living-will,Living will,"To build trust, organisations should establish and communicate clear commitments regarding their long-term stewardship responsibilities, including the principles by which assets, data, resources, services, and staff would be responsibly transferred to a successor or the organisation or service wound down. The commitments should address future governance, with defined criteria for acceptable successor organisations. This should include continued alignment with POSI and any legal or structural constraints.",Enduring availability (1A 3.4); End-of-life policy (action 33),"There is no plan for what happens to assets, data, services and staff if the infrastructure winds down.","Wind-down or transfer has been discussed internally, but no plan is documented.","A living will is documented and published, describing how assets, data, services and staff would transfer to a successor or be wound down.","The published living will names criteria for successors, is reviewed regularly with the community, and is backed by reserves and archive agreements.",Drafted with AI for this proposal,"Write and publish a living will that covers the transfer of assets, data, services and staff, including criteria for an acceptable successor.",7GPRI GP4 Enduring access and availability
7,Governance,POSI v2.0,posi-regular-review,Regular review of purpose and community value,"Organisations and services should regularly review their relevance, effectiveness, and the level of community support to determine whether their continued operation is necessary. If no longer needed, they should take responsible steps to transition or wind down operations in consultation with the community and in alignment with their living will.",Regular review of purpose and community value (action 24),The infrastructure's relevance and community support are never formally reviewed.,"Relevance is discussed now and then, usually prompted by a funding decision or a crisis.","The governing body reviews relevance, effectiveness and community support on a documented schedule, and records the outcome.","Reviews involve the community, their outcomes are published, and they have led to change, transition or a responsible wind-down where needed.",Drafted with AI for this proposal,"Put a periodic review of relevance and community support on the governing body's agenda, and record its outcome.",
8,Sustainability,POSI v2.0,posi-transparent-operations,Transparent operations,"To enable organisational accountability and openness, the operating policies and procedures, detailed financials, sustainability models, fees, strategic and product roadmaps, organisational charts, and other appropriate operational information should be made openly available (within the constraints of privacy laws). Information should be available for investigation and reuse by the community.","Transparency: operations, economical, strategical (1A 1.1)","Operating policies, financials, fees and roadmaps are not published.","Some operational information, such as fees or an annual report, is published, but detailed financials and roadmaps are not.","Operating policies, detailed financials, fees, sustainability model, roadmaps and organisational chart are published, within the constraints of privacy law.","All of this is published in reusable formats, kept current, and the community can question and reuse it.",Drafted with AI for this proposal,"Publish detailed financials, fees and strategic and product roadmaps alongside the operating policies, in a form the community can reuse.",BD Openness of the research information we produce
9,Sustainability,POSI v2.0,posi-time-limited-funds,Time-limited funds are used only for time-limited activities,"Operations should be supported by sustainable revenue sources, whereas time-limited funds are used only for time-limited activities. Depending on grants to fund ongoing and/or long-term operations fully makes organisations fragile and distracts from maintaining core infrastructure.",Financial sustainability (1A 3.1); Financially secure (v0.3); Sustainable funding (action 34),There is no funding at the moment and for the foreseeable future.,"There is time-limited funding, e.g. through a one-off grant or donation.","There is for a number of years funding, e.g. through memberships and recurrent grants.","Core operations run on recurring revenue such as memberships or service fees, and time-limited funds pay only for time-limited activities.",Levels 1-3 verbatim from SPII maturity matrix v0.3 (Financially secure); Level 4 drafted with AI (missing in v0.3),"Separate core operating costs from project costs, and move core operations onto recurring revenue such as memberships or service fees.",
10,Sustainability,POSI v2.0,posi-generate-surplus,Goal to generate surplus,"It is not enough to merely survive; organisations and services have to be able to adapt and change. Organisations and services that define long-term sustainability based only on recovering costs risk becoming brittle and stagnant. To weather economic, social and technological volatility, organisations and services need financial resources beyond immediate operating costs.",,The infrastructure does not recover its operating costs.,"Operating costs are roughly covered, but nothing is left to adapt, innovate or absorb setbacks.","Revenue exceeds operating costs by a planned margin, and the governing body decides how the surplus is used.","A published surplus policy funds renewal and innovation, and the use of surplus is reported to the community.",Drafted with AI for this proposal,"Set a target to generate a surplus above operating costs, and agree how the governing body will decide on its use.",
11,Sustainability,POSI v2.0,posi-financial-reserves,Establish and maintain financial reserves guided by policy,"Organisations and services should have a clear policy on maintaining financial reserves, including the purpose, minimum and maximum level, and governance of these funds. The actual level of reserves should be determined and periodically reviewed by the governing body, ensuring that resources are available to support Living Will implementation, including an orderly wind-down, transition to a successor, or response to major unforeseen events. A financial reserve policy might include how funds will be held, under what circumstances they will be used, and how much would be necessary for an adequate wind-down or transfer of assets, given the complexity of the organisation’s infrastructure.",,There are no financial reserves separate from operating funds.,"Some reserves exist, but there is no policy on their purpose, level or use.","A reserves policy sets purpose, minimum and maximum level and governance, and the governing body reviews it periodically.","Reserves meet the policy level, are sized to fund an orderly wind-down or transfer, and the policy and actual level are published.",Drafted with AI for this proposal,"Adopt a reserves policy stating purpose, minimum and maximum levels and governance, sized to cover an orderly wind-down.",
12,Sustainability,POSI v2.0,posi-mission-consistent-revenue,Mission-consistent revenue generation,Revenue sources should be evaluated against the infrastructure’s mission and not run counter to the aims of the organisation or service.,Mission-consistent revenue generation (action 32),Revenue sources are not assessed against the mission.,Mission fit is considered informally for large revenue decisions.,"A documented process checks every revenue source against the mission, and the governing body approves new sources.","The revenue model and its mission check are published, and the community is consulted before new types of revenue are introduced.",Drafted with AI for this proposal,"Document a mission check for revenue sources, and have the governing body approve any new type of revenue.",
13,Sustainability,POSI v2.0,posi-revenue-not-data,"Revenue generated from services, not data","Data related to the running of the scholarly infrastructure should be community property. Appropriate revenue sources might include value-added services, consulting, API Service Level Agreements, or membership fees.",,Revenue depends on selling or restricting access to data about running the infrastructure.,"Some of that data is community property, but part of the revenue still depends on restricting access to it.","Data about running the infrastructure is community property, and revenue comes from services, memberships or service level agreements.","This is written into published policy and contracts, and the data stays community property after any transfer to a successor.","Drafted with AI for this proposal (near-binary principle, see considerations)","Identify revenue that depends on restricting data, and replace it with revenue from services, memberships or service level agreements.",
14,Sustainability,POSI v2.0,posi-volunteer-labour,Volunteer labour,"Organisations that rely on volunteers and their labour should recognise this as a valuable resource for the organisation’s long-term viability, and factor it into sustainability planning and risk management.","Human capacity sustainability (1A 3.2), in part",Volunteer contributions are not tracked or considered in planning.,"Volunteers are known and thanked, but their labour is not part of sustainability planning or risk management.","Volunteer labour is documented, recognised, and included in sustainability planning and risk management.","Volunteers are supported with onboarding and credit, their contributions are publicly acknowledged, and planning covers the loss of key volunteers.",Drafted with AI for this proposal,"Record which work depends on volunteers, and include it in sustainability planning and risk management.",GORC Human Capacity
15,Sustainability,POSI v2.0,posi-transition-planning,Transition planning,"Organisations that are heavily dependent on a limited number of individuals should take steps to reduce their dependence on these individuals, including via transition and succession planning, so that the organisation is not at risk of collapse in the event of their departure.",Human capacity sustainability (1A 3.2); Human capacity available (v0.3),No one is working on this infrastructure for a forseeable time.,"One hero is keeping the lights on, but there is no backup.","A small team shares the work, key knowledge is documented, and each critical role has a named backup.","Dedicated, funded staff with succession plans for all key roles, so no single departure puts operations at risk.","Levels 1-2 verbatim from SPII maturity matrix v0.3 (Human capacity available); Levels 3-4 drafted with AI from its level names ""Somewhat staffed"" and ""Dedicated resourcing""","Document the knowledge held by key individuals and name a backup for each critical role, as a first step toward succession planning.",GORC Human Capacity
16,Insurance,POSI v2.0,posi-open-source,Open source,All software and non-physical assets required to run the infrastructure should be available under an open-source licence. This does not include other software that may be involved with running the organisation.,Open-source software (action 11); Open source (v0.3),Only proprietary software is used.,Some core parts are using open source software.,Mostly open source software is used. Some open source software is contributed back to the community.,Full engagement in an open source community.,Verbatim from SPII maturity matrix v0.3 (Open source) — see considerations on the fit with POSI's wording,"Publish the infrastructure's own software under an open-source licence, and contribute changes back to the projects it depends on.",
17,Insurance,POSI v2.0,posi-open-secure-data,Ensure open and secure data accessibility within legal and ethical constraints,"To support potential forking or replication, infrastructure should aim to make all relevant data openly available, following best practices such as applying a CC0 waiver where appropriate. This must be balanced with compliance with privacy, data protection, and security requirements. Organisations should have a clear policy outlining how private or sensitive data will be handled—particularly in the event of a transfer to another organisation—to ensure continuity, legal compliance, and responsible stewardship.","Open data (action 12); Knowledge security (action 18), in part","Data needed to replicate the infrastructure is not openly available, and there is no policy for private or sensitive data.","Some relevant data is openly available, but licences are unclear and private or sensitive data is handled informally.","All relevant data is available under an open licence such as CC0 where appropriate, with a documented policy for private and sensitive data.","Openly licensed data is released regularly, and the sensitive-data policy, including handling on transfer, is published and externally reviewed.",Drafted with AI for this proposal,"Apply an open licence such as CC0 to all relevant data, and document how private and sensitive data is handled, including on transfer.",BD Openness of the research information we produce
18,Insurance,POSI v2.0,posi-available-preserved,Available and preserved,"It is not enough that content, data, and software be “open” if there is no practical way to obtain them. These resources should be made easily available with clear public documentation about where they are and how to access them, as well as an open licence where possible. It is not enough that “open” resources are available. In line with the Living Will, it is essential to deposit content, data, and software with at least one trusted third-party digital archive.",Enduring availability (1A 3.4); Open repositories (action 14),"There is no practical, documented way to obtain the content, data and software.","Content, data and software can be obtained on request or in part, and nothing is deposited in an external archive.","Content, data and software are easy to obtain with public documentation, and are deposited with at least one trusted third-party archive.","Regular deposits go to more than one trusted archive, and restoring the infrastructure from them has been tested.",Drafted with AI for this proposal,"Publish where and how to obtain content, data and software, and deposit them with a trusted third-party archive.",7GPRI GP4 Enduring access and availability; OSR repair
19,Insurance,POSI v2.0,posi-patent-non-assertion,Patent non-assertion,"The organisation should commit to a patent non-assertion policy or covenant. The organisation may obtain patents to protect its own operations, but not use them to prevent the community from replicating the infrastructure.",,"The organisation's position on patents is unknown, or it uses patents to stop others replicating the infrastructure.","The organisation holds no patents that restrict replication, but has made no formal commitment.",The organisation has published a patent non-assertion policy or covenant.,"The published covenant is legally binding, survives any transfer to a successor, and is referenced in the living will.","Drafted with AI for this proposal (near-binary principle, see considerations)","Publish a patent non-assertion policy or covenant, so the community can replicate the infrastructure without legal risk.",
20,Insurance,POSI v2.0,posi-interoperability-standards,Prioritise interoperability and open standards to ensure continuity and resilience,"Infrastructures should adopt and support widely accepted open standards—both formal and de facto—to ensure that systems, data, and services can be replicated, migrated, or integrated with minimal disruption without the use of proprietary extensions or software. Where relevant, organisations should document dependencies on standards.","Technical interoperability: open standards (1A 4.1, action 40a)","The infrastructure relies on proprietary formats and interfaces, and its dependencies on standards are not documented.","Open standards are supported for some core data and interfaces, alongside proprietary extensions.","Widely accepted open standards are used for data, metadata and interfaces without proprietary extensions, and dependencies on standards are documented.","The infrastructure helps develop the open standards it uses, and migration or integration based on them has been demonstrated.",Drafted with AI for this proposal,"Document which standards the infrastructure depends on, and replace proprietary formats or extensions with widely accepted open standards.",7GPRI GP5 Open standards & interoperability; FAIR I1
21,SPII+ Openness,SPII addition,spii-transparent-processes-provenance,Transparent processes and provenance,"The origin, custody and changes of data, content, software and decisions in the infrastructure can be traced. The steps of its processes are documented and recorded when executed, as open as possible and as restricted as necessary.",Transparency: provenance (1A 1.1); Transparent processes (v0.3),There is no documentation of what is happening or supposed to happen.,There is some guidelines on the process.,"All steps in a process are described, recorded when executed and made available with restrictions.","All steps in a process are well described, recorded when executed and made publicly available.",Verbatim from SPII maturity matrix v0.3 (Transparent processes),"Describe the key processes step by step, and start recording provenance when they run, so origin and changes can be traced.",7GPRI GP1 Trusted and transparent provenance
22,SPII+ Openness,SPII addition,spii-results-openly-available,Findable and accessible results,"Results — any output created by the infrastructure itself or stored in it, such as datasets and content — are described with open metadata, and are findable and accessible through open interfaces (APIs), as open as possible and as restricted as necessary.","Accessibility (1A 1.2); Results openly available (v0.3); Open data, APIs, repositories, metadata (actions 12-15)",Data and content is not available.,Data and content is described with metadata. Data and content is findable.,"Data and content is well described, findable and accessible with restrictions.","Data and content is well described, findable and accessible to everyone.",Verbatim from SPII maturity matrix v0.3 (Results openly available),"Describe stored data and content with open metadata, and expose it through an open API so it becomes findable and accessible.","FAIR F1-F4, A1; BD Openness of the research information we produce"
23,SPII+ Openness,SPII addition,spii-open-to-new-ideas,Open to new ideas,"The infrastructure keeps improving: it has a way to collect, weigh and act on new ideas from its users, staff and the wider community.",Open to new ideas (v0.3),"The infrastructure is not being developed further, and there is no way to propose new ideas.",Improvements happen ad hoc and depend on individuals; suggestions from users are not tracked.,"A documented process collects, prioritises and acts on ideas from users and staff, and the resulting roadmap is published.","The community co-creates the roadmap, ideas are tracked in the open, and improvements are shared with and adopted by other infrastructures.","Drafted with AI for this proposal from the v0.3 level names ""At a stand still"", ""Ad-hoc improvements"", ""An innovation process is in place"", ""Continously innovating""","Set up a documented way to collect and prioritise ideas from users, and publish the resulting roadmap.",
24,SPII+ Openness,SPII addition,spii-security-by-design,Security by design and knowledge security,"Security and knowledge security are built into the infrastructure's design and operation, so that openness is restricted only where necessary and access to sensitive data, software and services is managed responsibly.","Knowledge security, security by design (action 18); Identity and access management (action 19)","Security and knowledge security risks are not assessed, and no one is responsible for them.","Basic security measures are in place, but risk assessments are ad hoc and knowledge security is not considered.","A named role owns security, risks including knowledge security are assessed on a documented schedule, and access is managed centrally.","Security is independently audited or certified, security is part of every design decision, and incidents and lessons are shared with peer infrastructures.",Drafted with AI for this proposal,"Name a role responsible for security, and run a documented risk assessment that includes knowledge security.",OSR protection; OSR Safety & Wellbeing
25,SPII+ Autonomy,SPII addition,spii-digital-sovereignty,Digital sovereignty,"Control over the infrastructure's data, software and decisions stays with the academic community. Critical components are chosen through value-driven procurement, preferably from a public or community-governed stack, and make-or-buy decisions weigh agency against total cost of ownership and risk.","Digital sovereignty (1A 2.3); Value-driven procurement, Balance agency versus costs and risks, Make or buy, Total cost of ownership, Public infrastructure stack (actions 17, 20, 21, 30, 31, 36)","It is unknown who controls the infrastructure's critical data, software and hosting, or under which terms.","Critical components and their providers are known, but control rests with external parties whose terms the community cannot influence.","Critical components are assessed for sovereignty risks, procurement applies documented public values, and control over data and decisions stays with the community.","Critical components run on a public or community-governed stack, and the infrastructure helps build and maintain that shared stack for others.",Drafted with AI for this proposal,"List the infrastructure's critical components and who controls them, and add public values and sovereignty risks to procurement criteria.",7GPRI GP7 Academic sovereignty through governance; Digital Autonomy Assessment Framework
26,SPII+ Autonomy,SPII addition,spii-reduced-dependence-single-supplier,Reduced dependence on a single supplier,"The infrastructure avoids lock-in to a single supplier: contracts include exit clauses, and it can migrate to realistic alternatives. See also the Digital Autonomy Assessment Framework (utrechtuniversity.github.io/digital-autonomy-assessment-tool).",Reduced dependence on single supplier (v0.3); Contractual clauses and exit strategy (action 22),The infrastructure uses mainly proprietary software.,The infrastructure provides an API for most functionalities.,"It is possible to gradually migrate to another solution, e.g. adheres to open standards for integrations and data formats.",A full exit plan has been developed and there is a number of realistic alternatives.,Verbatim from SPII maturity matrix v0.3 (Reduced dependence on single supplier),"Add exit clauses to supplier contracts, and draft an exit plan that names realistic alternatives.",7GPRI GP6 Open collaboration with third parties; Digital Autonomy Assessment Framework
27,SPII+ Autonomy,SPII addition,spii-clear-responsibilities,Clear responsibilities,"It is clear who is responsible for the infrastructure's operation, its decisions and their consequences, both within the organisation and between the partners that jointly run or fund it.",Responsibility (1A 2.4); Clear responsibilities (v0.3),It is not documented who is responsible for operating the infrastructure or for its decisions.,"Responsibilities are known informally within the team, but not documented or agreed with partners.","Responsibilities for operation, decisions and incidents are documented and agreed with all partners, with a named owner for each.","Responsibilities are published and reviewed regularly with partners and users, and users know whom to contact for any issue.",Drafted with AI for this proposal (v0.3 has no levels for this subprinciple yet),"Document who owns operation, decisions and incident handling, and agree this with every partner that runs or funds the infrastructure.",GORC Governance & Leadership
28,SPII+ Autonomy,SPII addition,spii-fit-for-purpose,Fit for the community's purpose,"The infrastructure fits the specific needs, norms and workflows of the research communities and disciplines it serves, and those communities help decide what fit for purpose means.",Discipline-specific (1A 2.2); Fit-for-purpose (action 23),The needs of the research communities the infrastructure serves have not been identified.,"Community needs are known informally, through a few users or anecdotal feedback.","The needs of each discipline served are documented, gathered with the community, and used to set priorities.","Served communities co-decide priorities, fit is evaluated regularly, and discipline-specific solutions are shared for reuse in other domains.",Drafted with AI for this proposal,"Gather and document the specific needs of each discipline the infrastructure serves, and use them to set priorities.",GORC Engagement
29,SPII+ Sustainability,SPII addition,spii-legal-policy-compliant,Legal and policy compliance,"The infrastructure meets applicable legal requirements, such as privacy, copyright and accessibility law, and the policies of the institutions it serves.",Legal and institutional compliance (1A 3.3); Legal and policy compliant (v0.3),"Which laws and institutional policies apply to the infrastructure, and whether it meets them, is unknown.","Applicable laws and policies are identified, but compliance has major gaps.","Compliance with applicable laws and institutional policies is documented, with a named owner and no known major gaps.","Compliance is audited or certified by an independent party, and the results are published.","Drafted with AI for this proposal from the v0.3 level names ""Unknown"", ""Major gaps"", ""Bases covered"", ""Audited or certified""","Make an inventory of the laws and institutional policies that apply, and document where the infrastructure does not yet comply.",
30,SPII+ Sustainability,SPII addition,spii-resilient,Operational resilience,"The infrastructure can withstand and recover from disruption — technical failure, cyber incidents, loss of funding or staff, or geopolitical events — and is maintained continuously.",Resilient (v0.3); Sustained maintenance (action 35),"Single points of failure are unknown, and there are no backups, maintenance plan or recovery procedure.","Backups and basic maintenance exist, but major single points of failure remain and recovery has not been tested.","Risks are assessed, maintenance is scheduled, and a documented recovery plan has been tested.","Recovery from major disruption is rehearsed regularly, critical components are redundant, and lessons are shared with peer infrastructures.","Drafted with AI for this proposal from the v0.3 level names ""Falls over at the first breeze"", ""Major gaps"", ""Bases covered"", ""Can weather a hurricane""","Identify single points of failure, and write and test a recovery plan for the most critical ones.","OSR prevention, protection, resistance, withstanding, repair"
31,SPII+ Sustainability,SPII addition,spii-institutionally-embedded,Institutionally embedded,"The infrastructure is embedded in the strategy, policies and budgets of the institutions that host or use it, rather than depending on individual champions or projects.",Institutionally embedded (v0.3),"No institution has the infrastructure in its strategy, policies or budget.",The infrastructure depends on individual champions or a project within one or more institutions.,"Participating institutions include the infrastructure in their policies and multi-year budgets, with a named contact at each.","The infrastructure is part of institutional and national strategy, and institutions jointly steer and fund it as shared infrastructure.",Drafted with AI for this proposal (v0.3 has no levels for this subprinciple yet),"Get the infrastructure into the policies and multi-year budget of its host institution, with a named institutional contact.",GORC Sustainability
32,SPII+ Interoperability,SPII addition,spii-interconnected,Interconnected,"The infrastructure connects to other infrastructures, nationally and internationally, using persistent identifiers (PIDs) and two-way exchange, so that information flows without manual re-entry.",PIDs (action 40b); Connections to international infrastructures (action 40c); Interconnected (v0.3),"This infrastructure has non integrations with others, and makes it difficult to even exchange data.","The infrastructure takes in data from other systems and uses some persistent identifiers, but sends nothing back.","Two-way connections with key national and international infrastructures are in place, using persistent identifiers for people, organisations and outputs.","The infrastructure is part of a flourishing ecosystem: others build on its connections, and it helps maintain shared identifier and exchange services.","Level 1 verbatim from SPII maturity matrix v0.3 (Interconnected); Levels 2-4 drafted with AI from its level names ""Uses other systems"", ""Two-way connected"", ""Part of flourishing ecosystem""","Adopt persistent identifiers for people, organisations and outputs, and set up a two-way connection with a key partner infrastructure.",FAIR I3; GORC Interoperability
33,SPII+ Interoperability,SPII addition,spii-semantic-organisational-interoperability,Semantic and organisational interoperability,"Shared vocabularies, ontologies and agreements let the infrastructure's data and processes be understood consistently across organisations and communities.",Organisational and social interoperability (1A 4.2); Vocabularies and ontologies (action 41a),"The infrastructure uses its own local terms and definitions, and they are not documented.","Local terms are documented, and some widely used vocabularies are adopted for core fields.","Widely used, openly published vocabularies and ontologies are used for data and metadata, and mappings from local terms are published.","The infrastructure helps maintain shared vocabularies with its community, and agreements with partners make processes work across organisations.",Drafted with AI for this proposal,"Replace local terms for core fields with widely used, openly published vocabularies, and publish the mapping.",FAIR I2; GORC Standards & Conventions
34,SPII+ Interoperability,SPII addition,spii-legal-interoperability,Legal interoperability,"Clear, compatible terms of use and licences let data, software and content be legally reused and combined across systems.",Legal interoperability (1A 4.3); Open licences (action 16); Terms of use (action 42),"Terms of use and licences are missing or unclear, so reuse is legally uncertain.","Terms of use exist, but licences differ per resource or are incompatible with those of partner infrastructures.","Standard, machine-readable open licences and clear terms of use apply to all resources, compatible with those of key partners.","Licences and terms are harmonised with partner infrastructures, and the infrastructure contributes to shared legal frameworks for reuse.",Drafted with AI for this proposal,"Apply standard open licences to all resources, and check that they are compatible with the terms of key partner infrastructures.",FAIR R1.1; GORC Rules of Participation & Access
35,SPII+ Researcher-centric,SPII addition,spii-seamless-user-experience,Seamless user experience,"The infrastructure is designed around researchers' actual workflows, so that they can reach their goals with little friction across the systems they use.",Seamless user-experience (1A 5.1; v0.3); User-driven design (action 51),"Users' workflows and needs are not known, and there is no way for users to give feedback.","Users can give feedback, and some usability problems are fixed ad hoc.","User research and usability testing are part of development, and the service fits the main research workflows it supports.","Researchers co-design the service, user experience is measured and published, and the service works seamlessly with neighbouring systems in the research journey.",Drafted with AI for this proposal (v0.3 has no levels for this subprinciple yet),"Run usability tests with researchers on the main workflows, and make user research a standard step in development.",GORC Services & Tools
36,SPII+ Researcher-centric,SPII addition,spii-accessible-to-all,Accessible to all,"Everyone who needs the infrastructure can use it — across institutions, countries and roles, including citizen scientists and people with disabilities — with identity and access management that does not exclude them.","Accessible to all (v0.3); Identity and access management with access for citizen scientists (action 19); value Equity, fairness, diversity and inclusion","Access is limited to one institution's users, and accessibility for people with disabilities has not been considered.","Users from other institutions can get access on request, and some accessibility issues are addressed.","Federated login gives access across institutions, citizen scientists have an access route, and the service meets the Web Content Accessibility Guidelines (WCAG).","Access for all relevant users, including citizen scientists, is independently checked, and remaining barriers are reviewed with user groups.",Drafted with AI for this proposal (v0.3 has no levels for this subprinciple yet),"Offer federated login and an access route for citizen scientists, and test the service against the Web Content Accessibility Guidelines (WCAG).",GORC Rules of Participation & Access
37,SPII+ Researcher-centric,SPII addition,spii-recognition-and-rewards,Recognition and rewards,"Contributions made through or to the infrastructure — data, software, curation, review, maintenance — are visible, citable and recognised in academic evaluation and careers.",Recognition and rewards framework (action 52); Recognition and rewards (v0.3),Contributions made through or to the infrastructure are not visible or attributed.,"Some contributions are acknowledged, for example in release notes, but cannot be cited or linked to people.","Contributions are citable and linked to contributors through persistent identifiers such as ORCID, so they can count in evaluation.","Contributions feed into institutional recognition and rewards frameworks, and the infrastructure helps shape how such work is valued.",Drafted with AI for this proposal (v0.3 has no levels for this subprinciple yet),"Make contributions citable, and link them to contributors' persistent identifiers such as ORCID.",GORC Human Capacity
