group,group_note,subprinciple,subprinciple_note,level_1_name,level_1_description,level_2_name,level_2_description,level_3_name,level_3_description,level_4_name,level_4_description
Openness,The most crucial principle for Open Science infrastructures.,Results openly available,"Results refers to any output created by the infrastructure itself (the software running the infrastructure) or stored in it (e.g. datasets, content).",Maturity level 1,Data and content is not available.,Maturity level 2,Data and content is described with metadata. Data and content is findable.,Maturity level 3,"Data and content is well described, findable and accessible with restrictions.",Maturity level 4,"Data and content is well described, findable and accessible to everyone."
Openness,The most crucial principle for Open Science infrastructures.,Transparent processes,Explanatory text,Maturity level 1,There is no documentation of what is happening or supposed to happen.,Maturity level 2,There is some guidelines on the process.,Maturity level 3,"All steps in a process are described, recorded when executed and made available with restrictions.",Maturity level 4,"All steps in a process are well described, recorded when executed and made publicly available."
Openness,The most crucial principle for Open Science infrastructures.,Open source,Explanatory text,Maturity level 1,Only proprietary software is used.,Maturity level 2,Some core parts are using open source software.,Maturity level 3,Mostly open source software is used. Some open source software is contributed back to the community.,Maturity level 4,Full engagement in an open source community.
Openness,The most crucial principle for Open Science infrastructures.,Open to new ideas,Explanatory text,At a stand still,...,Ad-hoc improvements,...,An innovation process is in place,...,Continously innovating,...
Openness,The most crucial principle for Open Science infrastructures.,Open to participation,Explanatory text,Maturity level 1,...,Maturity level 2,...,Maturity level 3,...,Maturity level 4,...
Autonomy,Who is calling the shots.,Community governed,Explanatory text,Maturity level 1,"Decisions are made by a single party, without clear possibility for the community to participate.",Maturity level 2,"Governance is shared by multiple parties, and there is an advisory board or similar to represent the community.",Maturity level 3,The governance is in the hands of a consortium or board that represents well the main stakeholders and user groups.,Maturity level 4,Full community participation in the governance through mechanisms like elections and self governance.
Autonomy,Who is calling the shots.,Clear responsibilities,Explanatory text,Maturity level 1,...,Maturity level 2,...,Maturity level 3,...,Maturity level 4,...
Autonomy,Who is calling the shots.,Reduced dependence on single supplier,"Check for example the Digital Autonomy Assessment Framework (https://utrechtuniversity.github.io/digital-autonomy-assessment-tool/)",Maturity level 1,The infrastructure uses mainly proprietary software.,Maturity level 2,The infrastructure provides an API for most functionalities.,Maturity level 3,"It is possible to gradually migrate to another solution, e.g. adheres to open standards for integrations and data formats.",Maturity level 4,A full exit plan has been developed and there is a number of realistic alternatives.
Sustainable,Keeping the lights on.,Financially secure,Explanatory text,Maturity level 1,There is no funding at the moment and for the foreseeable future.,Maturity level 2,"There is time-limited funding, e.g. through a one-off grant or donation.",Maturity level 3,"There is for a number of years funding, e.g. through memberships and recurrent grants.",Maturity level 4,...
Sustainable,Keeping the lights on.,Human capacity available,Explanatory text,Maturity level 1,No one is working on this infrastructure for a forseeable time.,Maturity level 2,"One hero is keeping the lights on, but there is no backup.",Somewhat staffed,...,Dedicated resourcing,...
Sustainable,Keeping the lights on.,Legal and policy compliant,Explanatory text,Unknown,...,Major gaps,...,Bases covered,...,Audited or certified,...
Sustainable,Keeping the lights on.,Resilient,Explanatory text,Falls over at the first breeze,...,Major gaps,...,Bases covered,...,Can weather a hurricane,...
Sustainable,Keeping the lights on.,Institutionally embedded,Explanatory text,Maturity level 1,...,Maturity level 2,...,Maturity level 3,...,Maturity level 4,...
Researcher centric,Providing a good user experience and letting researchers achieve their goals.,Interconnected,Explanatory text,Maturity level 1,"This infrastructure has non integrations with others, and makes it difficult to even exchange data.",Uses other systems,...,Two-way connected,...,Part of flourishing ecosystem,...
Researcher centric,Providing a good user experience and letting researchers achieve their goals.,Seamless user-experience,Explanatory text,Maturity level 1,...,Maturity level 2,...,Maturity level 3,...,Maturity level 4,...
Researcher centric,Providing a good user experience and letting researchers achieve their goals.,Accessible to all,Explanatory text,Maturity level 1,...,Maturity level 2,...,Maturity level 3,...,Maturity level 4,...
Researcher centric,Providing a good user experience and letting researchers achieve their goals.,Recognition and rewards,Explanatory text,Maturity level 1,...,Maturity level 2,...,Maturity level 3,...,Maturity level 4,...
